message_size,iterations,mean_total_ms,p50_total_ms,p95_total_ms,p99_total_ms,mean_kem_ms,mean_dsa_ms,throughput_ops_sec,estimated_rps
64,500,2.5625781491026576,2.564689620475073,2.806556171650268,2.8796280033847443,0.5022428429045549,2.0550245062006427,390.2320014514179,180.0
256,500,2.541681558964948,2.5455871773022043,2.8022847374639874,2.8728847937249142,0.5007491312473616,2.038006827710512,393.44031767977697,180.0
1024,500,2.548292245023909,2.54464093920701,2.790512725380168,2.863247260554984,0.4996004725745541,2.0454373724433834,392.41966927173127,180.0
4096,500,2.5496831119278314,2.5430740279323407,2.811300654896875,2.891792237299277,0.49976654345448085,2.0447863684659073,392.20560206946413,180.0
