message_size,iterations,mean_total_ms,p50_total_ms,p95_total_ms,p99_total_ms,mean_kx_ms,mean_sign_ms,mean_encrypt_ms,throughput_ops_sec,estimated_rps
64,500,0.3646206000003076,0.30414999991990044,0.537999999778549,0.7961000001159846,0.15146239999194222,0.08923239998784993,0.005992400003378862,2742.5768044898077,750.0
256,500,0.33730580000155896,0.3044499999305117,0.48940000033326214,0.6075000001146691,0.13087499998164276,0.08614800001032563,0.005946600006609515,2964.6688553691583,750.0
1024,500,0.5259508000062851,0.32105000013871177,0.7110999999895284,2.5429000002077373,0.16295820001050743,0.10981640000500192,0.009797999997317675,1901.3185263489474,750.0
4096,500,0.3310878000111188,0.3192000001490669,0.4057999999531603,0.5427999999483291,0.12189180000768829,0.09145979999448173,0.0049871999963215785,3020.3468686143597,750.0
